Workbook

Sheet Panels
A1: PANEL_ID | B1: ERA_ID | C1: BECKENSALL_ID | D1: VERSION | E1: PANEL_NAME | F1: PANEL_NUMBER | G1: IS_PUBLIC | H1: UPDATED_BY | I1: UPDATED | J1: ARCHIVE_FOLDER
A2: 730 | B2: 730 | C2: 240 | D2: 1 | E2: Amerside Law | F2: 3a | G2: 1 | H2: 0 | J2: 836
A3: 731 | B3: 731 | C3: 360 | D3: 1 | E3: Beadnell Caravan Park | G3: 1 | H3: 0 | J3: 836
A4: 732 | B4: 732 | C4: 361 | D4: 1 | E4: North Sunderland, Seahouses | G4: 1 | H4: 0 | J4: 836
A5: 733 | B5: 733 | C5: 355 | D5: 1 | E5: Turf Knowe | F5: a | G5: 1 | H5: 0 | J5: 836
A6: 734 | B6: 734 | C6: 721 | D6: 1 | E6: West Park Camp, Birtley | G6: 1 | H6: 0 | J6: 836
A7: 735 | B7: 735 | C7: 722 | D7: 1 | E7: Carry House Camp, Birtley | G7: 1 | H7: 0 | J7: 836
A8: 736 | B8: 736 | C8: 732 | D8: 1 | E8: Gunner Peak Camp, Barrasford | F8: a | G8: 1 | H8: 0 | J8: 836
A9: 737 | B9: 737 | C9: 733 | D9: 1 | E9: Gunner Peak Camp, Barrasford | F9: b | G9: 1 | H9: 0 | J9: 836
A10: 738 | B10: 738 | C10: 734 | D10: 1 | E10: Blue Crag, Colwell | F10: a | G10: 1 | H10: 0 | J10: 836
A11: 739 | B11: 739 | C11: 735 | D11: 1 | E11: Blue Crag, Colwell | F11: b | G11: 1 | H11: 0 | J11: 836
A12: 740 | B12: 740 | C12: 741 | D12: 1 | E12: Homers Lane, Warden | G12: 1 | H12: 0 | J12: 836
A13: 741 | B13: 741 | C13: 693 | D13: 1 | E13: Houxty Cottage | G13: 1 | H13: 0 | J13: 836
A14: 742 | B14: 742 | C14: 742 | D14: 1 | E14: Hartleyburn Common | F14: 1a | G14: 1 | H14: 0 | J14: 836
A15: 743 | B15: 743 | C15: 743 | D15: 1 | E15: Hartleyburn Common | F15: 1b | G15: 1 | H15: 0 | J15: 836
A16: 744 | B16: 744 | C16: 744 | D16: 1 | E16: Hartleyburn Common | F16: 1c | G16: 1 | H16: 0 | J16: 836
A17: 745 | B17: 745 | C17: 745 | D17: 1 | E17: Hartleyburn Common | F17: 1d | G17: 1 | H17: 0 | J17: 836
A18: 746 | B18: 746 | C18: 746 | D18: 1 | E18: Hartleyburn Common | F18: 1e | G18: 1 | H18: 0 | J18: 836
A19: 747 | B19: 747 | C19: 747 | D19: 1 | E19: Hartleyburn Common | F19: 2 | G19: 1 | H19: 0 | J19: 836
A20: 748 | B20: 748 | C20: 748 | D20: 1 | E20: Hartleyburn Common | F20: 3 | G20: 1 | H20: 0 | J20: 836
A21: 749 | B21: 749 | C21: 0 | D21: 1 | E21: Hartleyburn Common | F21: 5 | G21: 1 | H21: 0 | J21: 836
A22: 750 | B22: 750 | C22: 750 | D22: 1 | E22: Prudhoe Castle | G22: 1 | H22: 0 | J22: 836
A23: 751 | B23: 751 | C23: 796 | D23: 1 | E23: High Shaw Farm | G23: 1 | H23: 0 | J23: 836
A24: 752 | B24: 752 | C24: 752 | D24: 1 | E24: Chesters Roman Site | F24: a | G24: 1 | H24: 0 | J24: 836
A25: 753 | B25: 753 | C25: 800 | D25: 1 | E25: Holy Island | F25: a | G25: 1 | H25: 0 | J25: 836
A26: 754 | B26: 754 | C26: 801 | D26: 1 | E26: Holy Island | F26: b | G26: 1 | H26: 0 | J26: 836
A27: 755 | B27: 755 | C27: 837 | D27: 1 | E27: Fowberry Excavation Site Kerbstone | F27: 1 | G27: 1 | H27: 0 | J27: 836
A28: 756 | B28: 756 | C28: 838 | D28: 1 | E28: Fowberry Excavation Site Kerbstone | F28: 2 | G28: 1 | H28: 0 | J28: 836
A29: 757 | B29: 757 | C29: 839 | D29: 1 | E29: Fowberry Excavation Site Kerbstone | F29: 3 | G29: 1 | H29: 0 | J29: 836
A30: 758 | B30: 758 | C30: 840 | D30: 1 | E30: Fowberry Excavation Site Kerbstone | F30: 4 | G30: 1 | H30: 0 | J30: 836
A31: 759 | B31: 759 | C31: 1050 | D31: 1 | E31: West Horton 6 Portable | F31: c | G31: 1 | H31: 0 | J31: 836
A32: 760 | B32: 760 | C32: 1062 | D32: 1 | E32: Weetwood Cairn | F32: e | G32: 1 | H32: 0 | J32: 836
A33: 761 | B33: 761 | C33: 1074 | D33: 1 | E33: Weetwood Cairn | F33: q | G33: 1 | H33: 0 | J33: 836
A34: 762 | B34: 762 | C34: 1076 | D34: 1 | E34: Weetwood Cairn | F34: s | G34: 1 | H34: 0 | J34: 836
A35: 763 | B35: 763 | C35: 1080 | D35: 1 | E35: Weetwood Cairn | F35: x | G35: 1 | H35: 0 | J35: 836
A36: 764 | B36: 764 | C36: 1089 | D36: 1 | E36: Weetwood Cairn | F36: gg | G36: 1 | H36: 0 | J36: 836
A37: 765 | B37: 765 | C37: 1094 | D37: 1 | E37: Weetwood Cairn | F37: jj | G37: 1 | H37: 0 | J37: 836
A38: 766 | B38: 766 | C38: 1101 | D38: 1 | E38: Weetwood Cairn Kerbstone | G38: 1 | H38: 0 | J38: 836
A39: 767 | B39: 767 | C39: 1121 | D39: 1 | E39: The Ringses | F39: 6c | G39: 1 | H39: 0 | J39: 836
A40: 768 | B40: 768 | C40: 1137 | D40: 1 | E40: Throckley Bank Portable | G40: 1 | H40: 0 | J40: 836
A41: 769 | B41: 769 | C41: 753 | D41: 1 | E41: Chesters Roman Site | F41: b | G41: 1 | H41: 0 | J41: 836
A42: 770 | B42: 770 | C42: 67 | D42: 1 | E42: Buttony | F42: 7 | G42: 1 | H42: 0 | J42: 836
A43: 771 | B43: 771 | C43: 0 | D43: 1 | E43: Amerside Law | F43: 4 | G43: 1 | H43: 0 | J43: 836
A44: 772 | B44: 772 | C44: 0 | D44: 1 | E44: Highburn House | F44: 1 | G44: 1 | H44: 0 | J44: 836
A45: 773 | B45: 773 | C45: 0 | D45: 1 | E45: Alnwick Castle Museum-Unprovenanced Rock | F45: 1 | G45: 1 | H45: 0 | J45: 836
A46: 774 | B46: 774 | C46: 0 | D46: 1 | E46: Alnwick Castle Museum-Unprovenanced Rock | F46: 2 | G46: 1 | H46: 0 | J46: 836
A47: 775 | B47: 775 | C47: 0 | D47: 1 | E47: Alnwick Castle Museum-Unprovenanced Rock | F47: 3 | G47: 1 | H47: 0 | J47: 836
A48: 776 | B48: 776 | C48: 0 | D48: 1 | E48: Standing Stone Newtown Mill | G48: 1 | H48: 0 | J48: 836
A49: 777 | B49: 777 | C49: 234 | D49: 1 | E49: Hill Farm, Chatton | G49: 1 | H49: 0 | J49: 836
A50: 778 | B50: 778 | C50: 0 | D50: 1 | E50: Reaveley Hill | G50: 1 | H50: 0 | J50: 836
A51: 779 | B51: 779 | C51: 0 | D51: 1 | E51: Hexham Abbey, Monastic Workshop | G51: 1 | H51: 0 | J51: 836
A52: 780 | B52: 780 | C52: 0 | D52: 1 | E52: Bulman's Rigg | G52: 1 | H52: 0 | J52: 836
A53: 781 | B53: 781 | C53: 0 | D53: 1 | E53: Burntridge Moor | G53: 1 | H53: 0 | J53: 836
A54: 782 | B54: 782 | C54: 0 | D54: 1 | E54: Stobs Cross | G54: 1 | H54: 0 | J54: 836
A55: 783 | B55: 783 | C55: 175 | D55: 1 | E55: Weetwood Moor | F55: 8a | G55: 1 | H55: 0 | J55: 836
A56: 784 | B56: 784 | C56: 175 | D56: 1 | E56: Weetwood Moor | F56: 8c | G56: 1 | H56: 0 | J56: 836
A57: 785 | B57: 785 | C57: 175 | D57: 1 | E57: Weetwood Moor | F57: 8d | G57: 1 | H57: 0 | J57: 836
A58: 786 | B58: 786 | C58: 0 | D58: 1 | E58: Weetwood Moor North | F58: ab | G58: 1 | H58: 0 | J58: 836
A59: 787 | B59: 787 | C59: 165 | D59: 1 | E59: Weetwood Moor North | F59: ac | G59: 1 | H59: 0 | J59: 836
A60: 788 | B60: 788 | C60: 0 | D60: 1 | E60: Weetwood Moor North | F60: ad | G60: 1 | H60: 0 | J60: 836
A61: 789 | B61: 789 | C61: 0 | D61: 1 | E61: Weetwood Moor North | F61: ae | G61: 1 | H61: 0 | J61: 836
A62: 790 | B62: 790 | C62: 0 | D62: 1 | E62: Witton Hall Farm | F62: 1 | G62: 1 | H62: 0 | J62: 836
A63: 791 | B63: 791 | C63: 0 | D63: 1 | E63: Witton Hall Farm | F63: 2 | G63: 1 | H63: 0 | J63: 836
A64: 792 | B64: 792 | C64: 0 | D64: 1 | E64: Witton Hall Farm | F64: 3 | G64: 1 | H64: 0 | J64: 836
A65: 793 | B65: 793 | C65: 0 | D65: 1 | E65: Witton Hall Farm | F65: 4 | G65: 1 | H65: 0 | J65: 836
A66: 794 | B66: 794 | C66: 0 | D66: 1 | E66: Fulforth Farm | F66: 3 | G66: 1 | H66: 0 | J66: 836
A67: 795 | B67: 795 | C67: 0 | D67: 1 | E67: Old Deanham | F67: I | G67: 1 | H67: 0 | J67: 836
A68: 796 | B68: 796 | C68: 756 | D68: 1 | E68: Shield Croft Farm, Hexham | F68: b | G68: 1 | H68: 0 | J68: 836
A69: 797 | B69: 797 | C69: 0 | D69: 1 | E69: Weetwood Moor | F69: 8e | G69: 1 | H69: 0 | J69: 836
A70: 798 | B70: 798 | C70: 0 | D70: 1 | E70: Weetwood Moor | F70: 8f | G70: 1 | H70: 0 | J70: 836
A71: 800 | B71: 800 | C71: 0 | D71: 1 | E71: Black Hill Gate | F71: 1 | G71: 1 | H71: 0 | J71: 836
A72: 801 | B72: 801 | C72: 0 | D72: 1 | E72: Barningham Moor | F72: 2 | G72: 1 | H72: 0 | J72: 836
A73: 802 | B73: 802 | C73: 0 | D73: 1 | E73: Barningham Moor | F73: 3 | G73: 1 | H73: 0 | J73: 836
A74: 803 | B74: 803 | C74: 0 | D74: 1 | E74: Barningham Moor | F74: 4 | G74: 1 | H74: 0 | J74: 836
A75: 804 | B75: 804 | C75: 0 | D75: 1 | E75: Barningham Moor | F75: 5 | G75: 1 | H75: 0 | J75: 836
A76: 805 | B76: 805 | C76: 0 | D76: 1 | E76: Barningham Moor | F76: 6 | G76: 1 | H76: 0 | J76: 836
A77: 806 | B77: 806 | C77: 0 | D77: 1 | E77: Barningham Moor | F77: 7 | G77: 1 | H77: 0 | J77: 836
A78: 807 | B78: 807 | C78: 0 | D78: 1 | E78: Barningham Moor | F78: 8 | G78: 1 | H78: 0 | J78: 836
A79: 808 | B79: 808 | C79: 0 | D79: 1 | E79: Barningham Moor | F79: 9 | G79: 1 | H79: 0 | J79: 836
A80: 809 | B80: 809 | C80: 0 | D80: 1 | E80: Barningham Moor | F80: 10 | G80: 1 | H80: 0 | J80: 836
A81: 810 | B81: 810 | C81: 0 | D81: 1 | E81: Barningham Moor | F81: 11 | G81: 1 | H81: 0 | J81: 836
A82: 811 | B82: 811 | C82: 0 | D82: 1 | E82: Barningham Moor | F82: 12 | G82: 1 | H82: 0 | J82: 836
... A234: 967 | B234: 967 | C234: 0 | D234: 1 | E234: Barningham Moor | F234: 134 | G234: 1 | H234: 0 | J234: 836
A235: 968 | B235: 968 | C235: 0 | D235: 1 | E235: Thwaite Hall | G235: 1 | H235: 0 | J235: 836
A236: 969 | B236: 969 | C236: 0 | D236: 1 | E236: Scargill Low Moor | F236: 8 | G236: 1 | H236: 0 | J236: 836
A237: 970 | B237: 970 | C237: 0 | D237: 1 | E237: Scargill Low Moor | F237: 9 | G237: 1 | H237: 0 | J237: 836
A238: 971 | B238: 971 | C238: 0 | D238: 1 | E238: Thorsgill | G238: 1 | H238: 0 | J238: 836
A239: 972 | B239: 972 | C239: 0 | D239: 1 | E239: Egglestone, Folly House | G239: 1 | H239: 0 | J239: 836
A240: 973 | B240: 973 | C240: 0 | D240: 1 | E240: Barningham Moor | F240: 135 | G240: 1 | H240: 0 | J240: 836
A241: 974 | B241: 974 | C241: 0 | D241: 1 | E241: Bowlees, Keedholm Scar | G241: 1 | H241: 0 | J241: 836
A242: 975 | B242: 975 | C242: 0 | D242: 1 | E242: Brignall, Moor House Farm | G242: 1 | H242: 0 | J242: 836
A243: 976 | B243: 976 | C243: 0 | D243: 1 | E243: Hawkesley Hill | F243: 1 | G243: 1 | H243: 0 | J243: 836
A244: 977 | B244: 977 | C244: 0 | D244: 1 | E244: Hawkesley Hill | F244: 2 | G244: 1 | H244: 0 | J244: 836
A245: 978 | B245: 978 | C245: 0 | D245: 1 | E245: Hawkesley Hill | F245: 3 | G245: 1 | H245: 0 | J245: 836
A246: 979 | B246: 979 | C246: 0 | D246: 1 | E246: Hawkesley Hill | F246: 4 | G246: 1 | H246: 0 | J246: 836
A247: 980 | B247: 980 | C247: 0 | D247: 1 | E247: Crag Hill | G247: 1 | H247: 0 | J247: 836
A248: 981 | B248: 981 | C248: 0 | D248: 1 | E248: Barningham Moor | F248: 136 | G248: 1 | H248: 0 | J248: 836
A249: 982 | B249: 982 | C249: 0 | D249: 1 | E249: Barningham Moor | F249: 137 | G249: 1 | H249: 0 | J249: 836
A250: 983 | B250: 983 | C250: 0 | D250: 1 | E250: Lartington, The Rigg | F250: 16 | G250: 1 | H250: 0 | J250: 836
A251: 984 | B251: 984 | C251: 0 | D251: 1 | E251: Lartington, The Rigg | F251: 17 | G251: 1 | H251: 0 | J251: 836
...

Sheet Motifs
A1: PANEL_ID | B1: MOTIF_TYPE_ID | C1: VALUE | D1: Motif | E1: Location
A2: 1 | B2: 52 | C2: 5 | D2: =VLOOKUP(B2,ERA_MOTIF_TYPES.csv!$A$1:$C$119,2,1) -> Single or multiple cups | E2: =VLOOKUP(A2,Panels!$A$1:$E$2104,5,0) -> Ord
A3: 1 | B3: 66 | C3: 1 | D3: =VLOOKUP(B3,ERA_MOTIF_TYPES.csv!$A$1:$C$119,2,1) -> Cup and groove with multiple penannulars | E3: =VLOOKUP(A3,Panels!$A$1:$E$2104,5,0) -> Ord
A4: 3 | B4: 52 | C4: 1 | D4: =VLOOKUP(B4,ERA_MOTIF_TYPES.csv!$A$1:$C$119,2,1) -> Single or multiple cups | E4: =VLOOKUP(A4,Panels!$A$1:$E$2104,5,0) -> Ord
A5: 4 | B5: 52 | C5: 3 | D5: =VLOOKUP(B5,ERA_MOTIF_TYPES.csv!$A$1:$C$119,2,1) -> Single or multiple cups | E5: =VLOOKUP(A5,Panels!$A$1:$E$2104,5,0) -> The Duddo Stones
A6: 5 | B6: 2 | C6: 1 | D6: =VLOOKUP(B6,ERA_MOTIF_TYPES.csv!$A$1:$C$119,2,1) -> Random Cluster | E6: =VLOOKUP(A6,Panels!$A$1:$E$2104,5,0) -> Broomridge
A7: 5 | B7: 12 | C7: 2 | D7: =VLOOKUP(B7,ERA_MOTIF_TYPES.csv!$A$1:$C$119,2,1) -> Multi Arc | E7: =VLOOKUP(A7,Panels!$A$1:$E$2104,5,0) -> Broomridge
A8: 5 | B8: 13 | C8: 1 | D8: =VLOOKUP(B8,ERA_MOTIF_TYPES.csv!$A$1:$C$119,2,1) -> Single Ring + cup | E8: =VLOOKUP(A8,Panels!$A$1:$E$2104,5,0) -> Broomridge
A9: 5 | B9: 14 | C9: 5 | D9: =VLOOKUP(B9,ERA_MOTIF_TYPES.csv!$A$1:$C$119,2,1) -> Multi Ring + cup | E9: =VLOOKUP(A9,Panels!$A$1:$E$2104,5,0) -> Broomridge
A10: 5 | B10: 16 | C10: 1 | D10: =VLOOKUP(B10,ERA_MOTIF_TYPES.csv!$A$1:$C$119,2,1) -> Single Arc + cup | E10: =VLOOKUP(A10,Panels!$A$1:$E$2104,5,0) -> Broomridge
A11: 5 | B11: 31 | C11: 1 | D11: =VLOOKUP(B11,ERA_MOTIF_TYPES.csv!$A$1:$C$119,2,1) -> Cup and Groove | E11: =VLOOKUP(A11,Panels!$A$1:$E$2104,5,0) -> Broomridge
A12: 5 | B12: 36 | C12: 1 | D12: =VLOOKUP(B12,ERA_MOTIF_TYPES.csv!$A$1:$C$119,2,1) -> Cup Groove and arc | E12: =VLOOKUP(A12,Panels!$A$1:$E$2104,5,0) -> Broomridge
A13: 5 | B13: 52 | C13: 12 | D13: =VLOOKUP(B13,ERA_MOTIF_TYPES.csv!$A$1:$C$119,2,1) -> Single or multiple cups | E13: =VLOOKUP(A13,Panels!$A$1:$E$2104,5,0) -> Broomridge
... A4710: 2252 | B4710: 1 | C4710: 9 | D4710: =VLOOKUP(B4710,ERA_MOTIF_TYPES.csv!$A$1:$C$119,2,1) -> Cups Single | E4710: =VLOOKUP(A4710,Panels!$A$1:$E$2104,5,0) -> Woodhouse Crag
A4711: 2253 | B4711: 13 | D4711: =VLOOKUP(B4711,ERA_MOTIF_TYPES.csv!$A$1:$C$119,2,1) -> Single Ring + cup | E4711: =VLOOKUP(A4711,Panels!$A$1:$E$2104,5,0) -> Woodhouse Crag
A4712: 2253 | B4712: 16 | C4712: 2 | D4712: =VLOOKUP(B4712,ERA_MOTIF_TYPES.csv!$A$1:$C$119,2,1) -> Single Arc + cup | E4712: =VLOOKUP(A4712,Panels!$A$1:$E$2104,5,0) -> Woodhouse Crag
A4713: 2254 | B4713: 1 | C4713: 5 | D4713: =VLOOKUP(B4713,ERA_MOTIF_TYPES.csv!$A$1:$C$119,2,1) -> Cups Single | E4713: =VLOOKUP(A4713,Panels!$A$1:$E$2104,5,0) -> High Crag
A4714: 2254 | B4714: 16 | C4714: 1 | D4714: =VLOOKUP(B4714,ERA_MOTIF_TYPES.csv!$A$1:$C$119,2,1) -> Single Arc + cup | E4714: =VLOOKUP(A4714,Panels!$A$1:$E$2104,5,0) -> High Crag
A4715: 2255 | B4715: 1 | C4715: 21 | D4715: =VLOOKUP(B4715,ERA_MOTIF_TYPES.csv!$A$1:$C$119,2,1) -> Cups Single | E4715: =VLOOKUP(A4715,Panels!$A$1:$E$2104,5,0) -> Piper's Crag
A4716: 2255 | B4716: 13 | C4716: 1 | D4716: =VLOOKUP(B4716,ERA_MOTIF_TYPES.csv!$A$1:$C$119,2,1) -> Single Ring + cup | E4716: =VLOOKUP(A4716,Panels!$A$1:$E$2104,5,0) -> Piper's Crag
A4717: 2255 | B4717: 14 | C4717: 1 | D4717: =VLOOKUP(B4717,ERA_MOTIF_TYPES.csv!$A$1:$C$119,2,1) -> Multi Ring + cup | E4717: =VLOOKUP(A4717,Panels!$A$1:$E$2104,5,0) -> Piper's Crag
A4718: 2255 | B4718: 16 | C4718: 6 | D4718: =VLOOKUP(B4718,ERA_MOTIF_TYPES.csv!$A$1:$C$119,2,1) -> Single Arc + cup | E4718: =VLOOKUP(A4718,Panels!$A$1:$E$2104,5,0) -> Piper's Crag
A4719: 2255 | B4719: 25 | C4719: 3 | D4719: =VLOOKUP(B4719,ERA_MOTIF_TYPES.csv!$A$1:$C$119,2,1) -> Linear | E4719: =VLOOKUP(A4719,Panels!$A$1:$E$2104,5,0) -> Piper's Crag
A4720: 2255 | B4720: 33 | C4720: 1 | D4720: =VLOOKUP(B4720,ERA_MOTIF_TYPES.csv!$A$1:$C$119,2,1) -> Cup Groove and multi ring | E4720: =VLOOKUP(A4720,Panels!$A$1:$E$2104,5,0) -> Piper's Crag
A4721: 2256 | B4721: 1 | C4721: 1 | D4721: =VLOOKUP(B4721,ERA_MOTIF_TYPES.csv!$A$1:$C$119,2,1) -> Cups Single | E4721: =VLOOKUP(A4721,Panels!$A$1:$E$2104,5,0) -> Piper's Crag
A4722: 2257 | B4722: 1 | C4722: 2 | D4722: =VLOOKUP(B4722,ERA_MOTIF_TYPES.csv!$A$1:$C$119,2,1) -> Cups Single | E4722: =VLOOKUP(A4722,Panels!$A$1:$E$2104,5,0) -> Piper's Crag
A4723: 2258 | B4723: 13 | C4723: 1 | D4723: =VLOOKUP(B4723,ERA_MOTIF_TYPES.csv!$A$1:$C$119,2,1) -> Single Ring + cup | E4723: =VLOOKUP(A4723,Panels!$A$1:$E$2104,5,0) -> Piper's Crag
... A4762: 2286 | B4762: 13 | C4762: 1 | D4762: =VLOOKUP(B4762,ERA_MOTIF_TYPES.csv!$A$1:$C$119,2,1) -> Single Ring + cup | E4762: =VLOOKUP(A4762,Panels!$A$1:$E$2104,5,0) -> Rough Holden
A4763: 2286 | B4763: 17 | D4763: =VLOOKUP(B4763,ERA_MOTIF_TYPES.csv!$A$1:$C$119,2,1) -> Single Penannular + cup | E4763: =VLOOKUP(A4763,Panels!$A$1:$E$2104,5,0) -> Rough Holden
A4764: 2286 | B4764: 25 | C4764: 2 | D4764: =VLOOKUP(B4764,ERA_MOTIF_TYPES.csv!$A$1:$C$119,2,1) -> Linear | E4764: =VLOOKUP(A4764,Panels!$A$1:$E$2104,5,0) -> Rough Holden
A4765: 2286 | B4765: 31 | C4765: 1 | D4765: =VLOOKUP(B4765,ERA_MOTIF_TYPES.csv!$A$1:$C$119,2,1) -> Cup and Groove | E4765: =VLOOKUP(A4765,Panels!$A$1:$E$2104,5,0) -> Rough Holden
A4766: 2286 | B4766: 117 | C4766: 1 | D4766: =VLOOKUP(B4766,ERA_MOTIF_TYPES.csv!$A$1:$C$119,2,1) -> Dumb-bell | E4766: =VLOOKUP(A4766,Panels!$A$1:$E$2104,5,0) -> Rough Holden
A4767: 2287 | B4767: 1 | C4767: 14 | D4767: =VLOOKUP(B4767,ERA_MOTIF_TYPES.csv!$A$1:$C$119,2,1) -> Cups Single | E4767: =VLOOKUP(A4767,Panels!$A$1:$E$2104,5,0) -> Rough Holden
A4768: 2287 | B4768: 25 | C4768: 3 | D4768: =VLOOKUP(B4768,ERA_MOTIF_TYPES.csv!$A$1:$C$119,2,1) -> Linear | E4768: =VLOOKUP(A4768,Panels!$A$1:$E$2104,5,0) -> Rough Holden
A4769: 2287 | B4769: 31 | C4769: 2 | D4769: =VLOOKUP(B4769,ERA_MOTIF_TYPES.csv!$A$1:$C$119,2,1) -> Cup and Groove | E4769: =VLOOKUP(A4769,Panels!$A$1:$E$2104,5,0) -> Rough Holden
A4770: 2288 | B4770: 1 | C4770: 3 | D4770: =VLOOKUP(B4770,ERA_MOTIF_TYPES.csv!$A$1:$C$119,2,1) -> Cups Single | E4770: =VLOOKUP(A4770,Panels!$A$1:$E$2104,5,0) -> Rough Holden
A4771: 2289 | B4771: 1 | C4771: 13 | D4771: =VLOOKUP(B4771,ERA_MOTIF_TYPES.csv!$A$1:$C$119,2,1) -> Cups Single | E4771: =VLOOKUP(A4771,Panels!$A$1:$E$2104,5,0) -> Robin Hood Wood
A4772: 2289 | B4772: 25 | C4772: 1 | D4772: =VLOOKUP(B4772,ERA_MOTIF_TYPES.csv!$A$1:$C$119,2,1) -> Linear | E4772: =VLOOKUP(A4772,Panels!$A$1:$E$2104,5,0) -> Robin Hood Wood
A4773: 2289 | B4773: 117 | C4773: 1 | D4773: =VLOOKUP(B4773,ERA_MOTIF_TYPES.csv!$A$1:$C$119,2,1) -> Dumb-bell | E4773: =VLOOKUP(A4773,Panels!$A$1:$E$2104,5,0) -> Robin Hood Wood
A4774: 2290 | B4774: 1 | C4774: 3 | D4774: =VLOOKUP(B4774,ERA_MOTIF_TYPES.csv!$A$1:$C$119,2,1) -> Cups Single | E4774: =VLOOKUP(A4774,Panels!$A$1:$E$2104,5,0) -> Robin Hood Wood
A4775: 2291 | B4775: 1 | C4775: 1 | D4775: =VLOOKUP(B4775,ERA_MOTIF_TYPES.csv!$A$1:$C$119,2,1) -> Cups Single | E4775: =VLOOKUP(A4775,Panels!$A$1:$E$2104,5,0) -> Robin Hood Wood
... A4807: 2309 | B4807: 1 | C4807: 19 | D4807: =VLOOKUP(B4807,ERA_MOTIF_TYPES.csv!$A$1:$C$119,2,1) -> Cups Single | E4807: =VLOOKUP(A4807,Panels!$A$1:$E$2104,5,0) -> Rivock
A4808: 2309 | B4808: 6 | D4808: =VLOOKUP(B4808,ERA_MOTIF_TYPES.csv!$A$1:$C$119,2,1) -> curved or straight line | E4808: =VLOOKUP(A4808,Panels!$A$1:$E$2104,5,0) -> Rivock
A4809: 2309 | B4809: 25 | C4809: 1 | D4809: =VLOOKUP(B4809,ERA_MOTIF_TYPES.csv!$A$1:$C$119,2,1) -> Linear | E4809: =VLOOKUP(A4809,Panels!$A$1:$E$2104,5,0) -> Rivock
A4810: 2310 | B4810: 1 | C4810: 18 | D4810: =VLOOKUP(B4810,ERA_MOTIF_TYPES.csv!$A$1:$C$119,2,1) -> Cups Single | E4810: =VLOOKUP(A4810,Panels!$A$1:$E$2104,5,0) -> Rivock
A4811: 2310 | B4811: 13 | C4811: 8 | D4811: =VLOOKUP(B4811,ERA_MOTIF_TYPES.csv!$A$1:$C$119,2,1) -> Single Ring + cup | E4811: =VLOOKUP(A4811,Panels!$A$1:$E$2104,5,0) -> Rivock
A4812: 2310 | B4812: 25 | C4812: 2 | D4812: =VLOOKUP(B4812,ERA_MOTIF_TYPES.csv!$A$1:$C$119,2,1) -> Linear | E4812: =VLOOKUP(A4812,Panels!$A$1:$E$2104,5,0) -> Rivock
A4813: 2310 | B4813: 117 | C4813: 1 | D4813: =VLOOKUP(B4813,ERA_MOTIF_TYPES.csv!$A$1:$C$119,2,1) -> Dumb-bell | E4813: =VLOOKUP(A4813,Panels!$A$1:$E$2104,5,0) -> Rivock
A4814: 2311 | B4814: 1 | C4814: 10 | D4814: =VLOOKUP(B4814,ERA_MOTIF_TYPES.csv!$A$1:$C$119,2,1) -> Cups Single | E4814: =VLOOKUP(A4814,Panels!$A$1:$E$2104,5,0) -> Rivock
A4815: 2311 | B4815: 14 | C4815: 1 | D4815: =VLOOKUP(B4815,ERA_MOTIF_TYPES.csv!$A$1:$C$119,2,1) -> Multi Ring + cup | E4815: =VLOOKUP(A4815,Panels!$A$1:$E$2104,5,0) -> Rivock
A4816: 2311 | B4816: 25 | C4816: 2 | D4816: =VLOOKUP(B4816,ERA_MOTIF_TYPES.csv!$A$1:$C$119,2,1) -> Linear | E4816: =VLOOKUP(A4816,Panels!$A$1:$E$2104,5,0) -> Rivock
A4817: 2312 | B4817: 1 | C4817: 14 | D4817: =VLOOKUP(B4817,ERA_MOTIF_TYPES.csv!$A$1:$C$119,2,1) -> Cups Single | E4817: =VLOOKUP(A4817,Panels!$A$1:$E$2104,5,0) -> Rivock
A4818: 2312 | B4818: 13 | C4818: 2 | D4818: =VLOOKUP(B4818,ERA_MOTIF_TYPES.csv!$A$1:$C$119,2,1) -> Single Ring + cup | E4818: =VLOOKUP(A4818,Panels!$A$1:$E$2104,5,0) -> Rivock
A4819: 2312 | B4819: 14 | C4819: 1 | D4819: =VLOOKUP(B4819,ERA_MOTIF_TYPES.csv!$A$1:$C$119,2,1) -> Multi Ring + cup | E4819: =VLOOKUP(A4819,Panels!$A$1:$E$2104,5,0) -> Rivock
A4820: 2312 | B4820: 16 | C4820: 2 | D4820: =VLOOKUP(B4820,ERA_MOTIF_TYPES.csv!$A$1:$C$119,2,1) -> Single Arc + cup | E4820: =VLOOKUP(A4820,Panels!$A$1:$E$2104,5,0) -> Rivock
... A4833: 2320 | B4833: 1 | C4833: 31 | D4833: =VLOOKUP(B4833,ERA_MOTIF_TYPES.csv!$A$1:$C$119,2,1) -> Cups Single | E4833: =VLOOKUP(A4833,Panels!$A$1:$E$2104,5,0) -> Rivock
A4834: 2320 | B4834: 16 | D4834: =VLOOKUP(B4834,ERA_MOTIF_TYPES.csv!$A$1:$C$119,2,1) -> Single Arc + cup | E4834: =VLOOKUP(A4834,Panels!$A$1:$E$2104,5,0) -> Rivock
A4835: 2320 | B4835: 25 | C4835: 1 | D4835: =VLOOKUP(B4835,ERA_MOTIF_TYPES.csv!$A$1:$C$119,2,1) -> Linear | E4835: =VLOOKUP(A4835,Panels!$A$1:$E$2104,5,0) -> Rivock
A4836: 2320 | B4836: 31 | C4836: 4 | D4836: =VLOOKUP(B4836,ERA_MOTIF_TYPES.csv!$A$1:$C$119,2,1) -> Cup and Groove | E4836: =VLOOKUP(A4836,Panels!$A$1:$E$2104,5,0) -> Rivock
A4837: 2320 | B4837: 46 | C4837: 5 | D4837: =VLOOKUP(B4837,ERA_MOTIF_TYPES.csv!$A$1:$C$119,2,1) -> Groove and cups | E4837: =VLOOKUP(A4837,Panels!$A$1:$E$2104,5,0) -> Rivock
A4838: 2320 | B4838: 117 | C4838: 2 | D4838: =VLOOKUP(B4838,ERA_MOTIF_TYPES.csv!$A$1:$C$119,2,1) -> Dumb-bell | E4838: =VLOOKUP(A4838,Panels!$A$1:$E$2104,5,0) -> Rivock
A4839: 2321 | B4839: 1 | C4839: 5 | D4839: =VLOOKUP(B4839,ERA_MOTIF_TYPES.csv!$A$1:$C$119,2,1) -> Cups Single | E4839: =VLOOKUP(A4839,Panels!$A$1:$E$2104,5,0) -> Rivock
A4840: 2322 | B4840: 1 | C4840: 4 | D4840: =VLOOKUP(B4840,ERA_MOTIF_TYPES.csv!$A$1:$C$119,2,1) -> Cups Single | E4840: =VLOOKUP(A4840,Panels!$A$1:$E$2104,5,0) -> Rivock
A4841: 2323 | B4841: 1 | C4841: 1 | D4841: =VLOOKUP(B4841,ERA_MOTIF_TYPES.csv!$A$1:$C$119,2,1) -> Cups Single | E4841: =VLOOKUP(A4841,Panels!$A$1:$E$2104,5,0) -> Rivock
A4842: 2323 | B4842: 13 | C4842: 1 | D4842: =VLOOKUP(B4842,ERA_MOTIF_TYPES.csv!$A$1:$C$119,2,1) -> Single Ring + cup | E4842: =VLOOKUP(A4842,Panels!$A$1:$E$2104,5,0) -> Rivock
A4843: 2324 | B4843: 1 | C4843: 24 | D4843: =VLOOKUP(B4843,ERA_MOTIF_TYPES.csv!$A$1:$C$119,2,1) -> Cups Single | E4843: =VLOOKUP(A4843,Panels!$A$1:$E$2104,5,0) -> Rivock
A4844: 2324 | B4844: 13 | C4844: 1 | D4844: =VLOOKUP(B4844,ERA_MOTIF_TYPES.csv!$A$1:$C$119,2,1) -> Single Ring + cup | E4844: =VLOOKUP(A4844,Panels!$A$1:$E$2104,5,0) -> Rivock
A4845: 2324 | B4845: 16 | C4845: 3 | D4845: =VLOOKUP(B4845,ERA_MOTIF_TYPES.csv!$A$1:$C$119,2,1) -> Single Arc + cup | E4845: =VLOOKUP(A4845,Panels!$A$1:$E$2104,5,0) -> Rivock
A4846: 2324 | B4846: 27 | C4846: 2 | D4846: =VLOOKUP(B4846,ERA_MOTIF_TYPES.csv!$A$1:$C$119,2,1) -> Serpentine | E4846: =VLOOKUP(A4846,Panels!$A$1:$E$2104,5,0) -> Rivock
... A4850: 2325 | B4850: 1 | C4850: 18 | D4850: =VLOOKUP(B4850,ERA_MOTIF_TYPES.csv!$A$1:$C$119,2,1) -> Cups Single | E4850: =VLOOKUP(A4850,Panels!$A$1:$E$2104,5,0) -> Rivock
A4851: 2325 | B4851: 13 | D4851: =VLOOKUP(B4851,ERA_MOTIF_TYPES.csv!$A$1:$C$119,2,1) -> Single Ring + cup | E4851: =VLOOKUP(A4851,Panels!$A$1:$E$2104,5,0) -> Rivock
A4852: 2325 | B4852: 17 | C4852: 1 | D4852: =VLOOKUP(B4852,ERA_MOTIF_TYPES.csv!$A$1:$C$119,2,1) -> Single Penannular + cup | E4852: =VLOOKUP(A4852,Panels!$A$1:$E$2104,5,0) -> Rivock
A4853: 2326 | B4853: 1 | C4853: 2 | D4853: =VLOOKUP(B4853,ERA_MOTIF_TYPES.csv!$A$1:$C$119,2,1) -> Cups Single | E4853: =VLOOKUP(A4853,Panels!$A$1:$E$2104,5,0) -> Rivock
A4854: 2326 | B4854: 25 | C4854: 2 | D4854: =VLOOKUP(B4854,ERA_MOTIF_TYPES.csv!$A$1:$C$119,2,1) -> Linear | E4854: =VLOOKUP(A4854,Panels!$A$1:$E$2104,5,0) -> Rivock
A4855: 2326 | B4855: 26 | C4855: 1 | D4855: =VLOOKUP(B4855,ERA_MOTIF_TYPES.csv!$A$1:$C$119,2,1) -> Parallel | E4855: =VLOOKUP(A4855,Panels!$A$1:$E$2104,5,0) -> Rivock
A4856: 2327 | B4856: 1 | D4856: =VLOOKUP(B4856,ERA_MOTIF_TYPES.csv!$A$1:$C$119,2,1) -> Cups Single | E4856: =VLOOKUP(A4856,Panels!$A$1:$E$2104,5,0) -> Rivock
A4857: 2327 | B4857: 13 | C4857: 1 | D4857: =VLOOKUP(B4857,ERA_MOTIF_TYPES.csv!$A$1:$C$119,2,1) -> Single Ring + cup | E4857: =VLOOKUP(A4857,Panels!$A$1:$E$2104,5,0) -> Rivock
A4858: 2328 | B4858: 1 | C4858: 3 | D4858: =VLOOKUP(B4858,ERA_MOTIF_TYPES.csv!$A$1:$C$119,2,1) -> Cups Single | E4858: =VLOOKUP(A4858,Panels!$A$1:$E$2104,5,0) -> Black Beck Hole
A4859: 2329 | B4859: 1 | C4859: 18 | D4859: =VLOOKUP(B4859,ERA_MOTIF_TYPES.csv!$A$1:$C$119,2,1) -> Cups Single | E4859: =VLOOKUP(A4859,Panels!$A$1:$E$2104,5,0) -> Black Beck Hole
A4860: 2329 | B4860: 25 | C4860: 3 | D4860: =VLOOKUP(B4860,ERA_MOTIF_TYPES.csv!$A$1:$C$119,2,1) -> Linear | E4860: =VLOOKUP(A4860,Panels!$A$1:$E$2104,5,0) -> Black Beck Hole
A4861: 2330 | B4861: 1 | C4861: 6 | D4861: =VLOOKUP(B4861,ERA_MOTIF_TYPES.csv!$A$1:$C$119,2,1) -> Cups Single | E4861: =VLOOKUP(A4861,Panels!$A$1:$E$2104,5,0) -> Black Beck Hole
A4862: 2331 | B4862: 1 | C4862: 11 | D4862: =VLOOKUP(B4862,ERA_MOTIF_TYPES.csv!$A$1:$C$119,2,1) -> Cups Single | E4862: =VLOOKUP(A4862,Panels!$A$1:$E$2104,5,0) -> Black Beck Hole
A4863: 2331 | B4863: 13 | C4863: 1 | D4863: =VLOOKUP(B4863,ERA_MOTIF_TYPES.csv!$A$1:$C$119,2,1) -> Single Ring + cup | E4863: =VLOOKUP(A4863,Panels!$A$1:$E$2104,5,0) -> Black Beck Hole
A4864: 2331 | B4864: 25 | C4864: 6 | D4864: =VLOOKUP(B4864,ERA_MOTIF_TYPES.csv!$A$1:$C$119,2,1) -> Linear | E4864: =VLOOKUP(A4864,Panels!$A$1:$E$2104,5,0) -> Black Beck Hole
A4865: 2331 | B4865: 28 | C4865: 1 | D4865: =VLOOKUP(B4865,ERA_MOTIF_TYPES.csv!$A$1:$C$119,2,1) -> Chevron | E4865: =VLOOKUP(A4865,Panels!$A$1:$E$2104,5,0) -> Black Beck Hole
A4866: 2331 | B4866: 117 | C4866: 1 | D4866: =VLOOKUP(B4866,ERA_MOTIF_TYPES.csv!$A$1:$C$119,2,1) -> Dumb-bell | E4866: =VLOOKUP(A4866,Panels!$A$1:$E$2104,5,0) -> Black Beck Hole
A4867: 2332 | B4867: 18 | C4867: 3 | D4867: =VLOOKUP(B4867,ERA_MOTIF_TYPES.csv!$A$1:$C$119,2,1) -> Multi Arc + cup | E4867: =VLOOKUP(A4867,Panels!$A$1:$E$2104,5,0) -> Black Beck Hole
A4868: 2332 | B4868: 46 | C4868: 1 | D4868: =VLOOKUP(B4868,ERA_MOTIF_TYPES.csv!$A$1:$C$119,2,1) -> Groove and cups | E4868: =VLOOKUP(A4868,Panels!$A$1:$E$2104,5,0) -> Black Beck Hole
... A4875: 2334 | B4875: 31 | C4875: 1 | D4875: =VLOOKUP(B4875,ERA_MOTIF_TYPES.csv!$A$1:$C$119,2,1) -> Cup and Groove | E4875: =VLOOKUP(A4875,Panels!$A$1:$E$2104,5,0) -> Coarse Stone Edge
A4876: 2335 | B4876: 1 | D4876: =VLOOKUP(B4876,ERA_MOTIF_TYPES.csv!$A$1:$C$119,2,1) -> Cups Single | E4876: =VLOOKUP(A4876,Panels!$A$1:$E$2104,5,0) -> Coarse Stone Edge
A4877: 2336 | B4877: 1 | C4877: 1 | D4877: =VLOOKUP(B4877,ERA_MOTIF_TYPES.csv!$A$1:$C$119,2,1) -> Cups Single | E4877: =VLOOKUP(A4877,Panels!$A$1:$E$2104,5,0) -> Coarse Stone Edge
A4878: 2336 | B4878: 2 | D4878: =VLOOKUP(B4878,ERA_MOTIF_TYPES.csv!$A$1:$C$119,2,1) -> Random Cluster | E4878: =VLOOKUP(A4878,Panels!$A$1:$E$2104,5,0) -> Coarse Stone Edge
A4879: 2336 | B4879: 3 | D4879: =VLOOKUP(B4879,ERA_MOTIF_TYPES.csv!$A$1:$C$119,2,1) -> Parallel Domino | E4879: =VLOOKUP(A4879,Panels!$A$1:$E$2104,5,0) -> Coarse Stone Edge
A4880: 2336 | B4880: 4 | D4880: =VLOOKUP(B4880,ERA_MOTIF_TYPES.csv!$A$1:$C$119,2,1) -> Counter-sunk | E4880: =VLOOKUP(A4880,Panels!$A$1:$E$2104,5,0) -> Coarse Stone Edge
A4881: 2337 | B4881: 1 | C4881: 2 | D4881: =VLOOKUP(B4881,ERA_MOTIF_TYPES.csv!$A$1:$C$119,2,1) -> Cups Single | E4881: =VLOOKUP(A4881,Panels!$A$1:$E$2104,5,0) -> Coarse Stone Edge
A4882: 2338 | B4882: 1 | C4882: 4 | D4882: =VLOOKUP(B4882,ERA_MOTIF_TYPES.csv!$A$1:$C$119,2,1) -> Cups Single | E4882: =VLOOKUP(A4882,Panels!$A$1:$E$2104,5,0) -> Coarse Stone Edge
A4883: 2339 | B4883: 1 | C4883: 20 | D4883: =VLOOKUP(B4883,ERA_MOTIF_TYPES.csv!$A$1:$C$119,2,1) -> Cups Single | E4883: =VLOOKUP(A4883,Panels!$A$1:$E$2104,5,0) -> Silver Well
A4884: 2339 | B4884: 2 | D4884: =VLOOKUP(B4884,ERA_MOTIF_TYPES.csv!$A$1:$C$119,2,1) -> Random Cluster | E4884: =VLOOKUP(A4884,Panels!$A$1:$E$2104,5,0) -> Silver Well
A4885: 2339 | B4885: 25 | C4885: 1 | D4885: =VLOOKUP(B4885,ERA_MOTIF_TYPES.csv!$A$1:$C$119,2,1) -> Linear | E4885: =VLOOKUP(A4885,Panels!$A$1:$E$2104,5,0) -> Silver Well
A4886: 2340 | B4886: 1 | C4886: 6 | D4886: =VLOOKUP(B4886,ERA_MOTIF_TYPES.csv!$A$1:$C$119,2,1) -> Cups Single | E4886: =VLOOKUP(A4886,Panels!$A$1:$E$2104,5,0) -> Silver Well
...

Sheet Pivot Table 1

Sheet ERA_MOTIF_TYPES.csv
A1: MOTIF_TYPE_ID | B1: NAME | C1: DESCRIPTION | D1: BECKENSALL_ID | E1: BECKENSALL_ORDER
A2: 1 | B2: Cups Single
A3: 2 | B3: Random Cluster | C3: ERA Motif Type
A4: 3 | B4: Parallel Domino | C4: ERA Motif Type
A5: 4 | B5: Counter-sunk | C5: ERA Motif Type
A6: 5 | B6: Rosette | C6: ERA Motif Type
A7: 6 | B7: curved or straight line | C7: ERA Motif Type
A8: 7 | B8: Single Ring | C8: ERA Motif Type
A9: 8 | B9: Multi Ring | C9: ERA Motif Type
A10: 9 | B10: Multi Penanular | C10: ERA Motif Type
A11: 10 | B11: Single Arc | C11: ERA Motif Type
A12: 11 | B12: Single Penannular | C12: ERA Motif Type
A13: 12 | B13: Multi Arc | C13: ERA Motif Type
A14: 13 | B14: Single Ring + cup | C14: ERA Motif Type
... A52: 51 | B52: Bowls | C52: ERA Motif Type
A53: 52 | B53: Single or multiple cups | C53: Beckensall Motif Type | D53: 1 | E53: 2
A54: 53 | B54: Domino patterns and parallel lines | C54: Beckensall Motif Type | D54: 3 | E54: 4
A55: 54 | B55: Rosette | C55: Beckensall Motif Type | D55: 4 | E55: 5
A56: 55 | B56: Cups in a straight or curved line | C56: Beckensall Motif Type | D56: 5 | E56: 6
A57: 56 | B57: Cups countersunk | C57: Beckensall Motif Type | D57: 6 | E57: 9
A58: 57 | B58: Cup and ring | C58: Beckensall Motif Type | D58: 7 | E58: 1
A59: 58 | B59: Cup and multiple rings | C59: Beckensall Motif Type | D59: 8 | E59: 2
A60: 59 | B60: Cup and penannular | C60: Beckensall Motif Type | D60: 9 | E60: 3
A61: 60 | B61: Cup and multiple penannulars | C61: Beckensall Motif Type | D61: 10 | E61: 4
A62: 61 | B62: Cup and arc (or semi-ovoid) | C62: Beckensall Motif Type | D62: 11 | E62: 5
A63: 62 | B63: Cup and multiple arcs | C63: Beckensall Motif Type | D63: 12 | E63: 6
A64: 63 | B64: Cup with groove cutting through ring | C64: Beckensall Motif Type | D64: 13 | E64: 3
... A117: 116 | B117: Multiple square grooves | C117: Beckensall Motif Type | D117: 66 | E117: 10
A118: 117 | B118: Dumb-bell | C118: ERA Motif Type
A119: 118 | B119: Random peck marks | C119: ERA Motif Type
